id,first_name,last_name,email,gender,ip_address
1,Evy,Losebie,elosebie0@blogs.com,Female,191.201.45.219
2,Clarence,Sokell,csokell1@livejournal.com,Male,236.132.70.108
3,Wolfgang,Doy,wdoy2@forbes.com,Male,135.96.164.230
4,Ashton,Tilio,atilio3@msu.edu,Male,236.4.100.60
5,Whitaker,Cicerone,wcicerone4@hc360.com,Male,132.79.11.63
6,Geraldine,Pull,gpull5@e-recht24.de,Female,151.90.205.102
7,Carson,Fiveash,cfiveash6@github.io,Male,35.224.205.58
8,Danni,Breitler,dbreitler7@google.com.hk,Female,211.179.138.27
9,Auberon,Connechy,aconnechy8@abc.net.au,Male,208.61.153.51
10,Corby,Inchboard,cinchboard9@google.com.au,Male,245.60.83.191
11,Rockie,Kohn,rkohna@mit.edu,Agender,34.0.144.229
12,Fannie,Sidwick,fsidwickb@dailymail.co.uk,Non-binary,132.135.125.1
13,Brok,Parr,bparrc@sohu.com,Male,11.246.159.130
14,Laura,Redmille,lredmilled@aol.com,Female,251.194.108.176
15,Kienan,Tarbard,ktarbarde@sakura.ne.jp,Male,70.195.206.42
16,Lorin,Hatcher,lhatcherf@dailymail.co.uk,Male,97.147.146.226
17,Marianna,Christene,mchristeneg@seesaa.net,Female,60.170.186.53
18,Erv,Gorse,egorseh@reddit.com,Male,65.68.106.16
19,Prescott,Bugg,pbuggi@hexun.com,Male,142.51.134.102
20,Nonah,Bolter,nbolterj@cnbc.com,Genderqueer,34.117.124.2
21,Granny,Dorling,gdorlingk@moonfruit.com,Male,144.197.156.18
22,Fin,Elstub,felstubl@sfgate.com,Male,171.83.50.73
23,Caril,O'Dea,codeam@yandex.ru,Female,199.124.142.141
24,Stephen,Nugent,snugentn@istockphoto.com,Male,247.252.55.134
25,Izzy,Gordge,igordgeo@unicef.org,Male,124.90.172.189
26,Archibald,Shemwell,ashemwellp@wikispaces.com,Male,244.39.165.89
27,Oren,Serjeant,oserjeantq@vk.com,Male,118.222.120.144
28,Claudius,MacDonogh,cmacdonoghr@squarespace.com,Male,254.252.176.180
29,Free,Akhurst,fakhursts@hibu.com,Male,220.24.110.47
30,Garreth,Coggell,gcoggellt@bigcartel.com,Male,206.222.216.220
31,Ailis,Dulen,adulenu@google.com.au,Bigender,25.99.19.76
32,Elsey,Palk,epalkv@hostgator.com,Genderqueer,164.2.53.181
33,Melissa,Sidaway,msidawayw@army.mil,Female,205.71.43.220
34,Pablo,Kiehl,pkiehlx@google.com,Male,19.216.243.144
35,Justis,Maghull,jmaghully@un.org,Male,30.120.20.97
36,Cele,Czaple,cczaplez@creativecommons.org,Agender,177.88.137.221
37,Coraline,Frye,cfrye10@alibaba.com,Female,214.59.157.50
38,Deerdre,Lambrechts,dlambrechts11@e-recht24.de,Female,213.149.221.118
39,Lona,Rowlin,lrowlin12@apache.org,Female,67.6.199.197
40,Melitta,Lobell,mlobell13@latimes.com,Bigender,75.55.216.53
41,Nikos,Mattiacci,nmattiacci14@jiathis.com,Polygender,22.77.118.229
42,Mitchell,Egerton,megerton15@oracle.com,Male,97.13.95.101
43,Mona,Dimnage,mdimnage16@patch.com,Female,192.88.105.101
44,Phylis,Duggary,pduggary17@istockphoto.com,Genderqueer,195.15.142.89
45,Selestina,Pien,spien18@marketwatch.com,Female,19.14.118.245
46,Carol-jean,Wickman,cwickman19@wufoo.com,Female,204.158.246.230
47,Codi,Obal,cobal1a@etsy.com,Male,151.244.225.183
48,Blanch,Broseke,bbroseke1b@google.co.uk,Female,217.194.129.199
49,Georgeta,Maitland,gmaitland1c@walmart.com,Female,139.235.206.80
50,Standford,Casson,scasson1d@mac.com,Male,70.143.216.170
51,Fianna,Redolfi,fredolfi1e@baidu.com,Female,190.9.45.61
52,Mallissa,Feldfisher,mfeldfisher1f@mayoclinic.com,Non-binary,158.233.186.39
53,Harv,McCloy,hmccloy1g@netscape.com,Male,71.197.75.216
54,Davide,Bardnam,dbardnam1h@ucsd.edu,Male,220.203.19.255
55,Udall,Waterland,uwaterland1i@linkedin.com,Male,16.96.82.155
56,Saba,Sleep,ssleep1j@seattletimes.com,Female,164.242.215.150
57,Ignacio,Hairesnape,ihairesnape1k@usgs.gov,Male,111.153.77.154
58,Sarah,Lalor,slalor1l@blogger.com,Female,223.88.186.224
59,Bordy,Nelson,bnelson1m@trellian.com,Male,174.141.19.123
60,Lorilyn,Holligan,lholligan1n@spotify.com,Female,44.103.153.47
61,Debee,Water,dwater1o@furl.net,Female,213.140.94.203
62,Anatollo,Legendre,alegendre1p@oracle.com,Male,89.223.149.168
63,Art,Couch,acouch1q@google.es,Polygender,209.19.76.181
64,Jackquelin,Digle,jdigle1r@google.com,Female,233.45.122.17
65,Veronika,Elloy,velloy1s@wordpress.com,Female,241.20.15.176
66,Lev,Garvey,lgarvey1t@cornell.edu,Male,132.78.80.20
67,Mayne,Sextie,msextie1u@un.org,Male,136.242.164.199
68,Adey,Stegell,astegell1v@linkedin.com,Female,112.112.96.76
69,Dorris,McAvinchey,dmcavinchey1w@mediafire.com,Female,89.54.181.181
70,Andras,Edge,aedge1x@princeton.edu,Male,120.8.221.117
71,Sarette,Scrivens,sscrivens1y@meetup.com,Female,161.207.43.52
72,Lyndell,Rothchild,lrothchild1z@yandex.ru,Female,95.104.192.40
73,Cyndy,Ravel,cravel20@tiny.cc,Female,131.183.237.21
74,Allene,Scandrite,ascandrite21@tinyurl.com,Polygender,191.22.36.36
75,Mile,Millhouse,mmillhouse22@123-reg.co.uk,Male,112.36.90.102
76,Charisse,Treweke,ctreweke23@huffingtonpost.com,Genderfluid,87.136.58.212
77,Isidor,Scrivin,iscrivin24@icq.com,Male,194.55.152.94
78,Oona,Matej,omatej25@mac.com,Female,2.69.252.81
79,Jany,Enrrico,jenrrico26@google.es,Female,93.38.38.1
80,Bink,Dearth,bdearth27@constantcontact.com,Polygender,98.200.206.144
81,Ailbert,Whitton,awhitton28@nydailynews.com,Male,237.90.2.191
82,Lorrayne,Lenormand,llenormand29@loc.gov,Female,88.63.197.200
83,Arri,Haville,ahaville2a@unblog.fr,Male,44.179.38.42
84,Dianna,Dionisi,ddionisi2b@goo.ne.jp,Female,101.4.36.127
85,Aguistin,Bedboro,abedboro2c@wisc.edu,Male,202.106.140.96
86,Pooh,Edgeler,pedgeler2d@woothemes.com,Female,202.154.169.162
87,Merrile,Learmonth,mlearmonth2e@globo.com,Female,113.45.158.62
88,Ulrike,Lappin,ulappin2f@delicious.com,Female,60.78.36.102
89,Lyndsie,Soppett,lsoppett2g@hp.com,Female,176.80.63.51
90,Mollie,Basilone,mbasilone2h@hhs.gov,Female,107.56.3.226
91,Galvin,Dewing,gdewing2i@tinyurl.com,Non-binary,106.112.89.184
92,Cyril,Churches,cchurches2j@bigcartel.com,Non-binary,39.147.16.206
93,Misti,Bolf,mbolf2k@xing.com,Female,240.255.162.187
94,Roosevelt,Iacobacci,riacobacci2l@intel.com,Male,182.12.1.33
95,Blondell,Dahlbom,bdahlbom2m@ycombinator.com,Female,34.133.176.241
96,Dickie,Berecloth,dberecloth2n@angelfire.com,Male,50.94.41.180
97,Coraline,Kearn,ckearn2o@ning.com,Female,182.230.227.19
98,Meris,Kopje,mkopje2p@pagesperso-orange.fr,Female,106.241.27.41
99,Maddy,Slater,mslater2q@kickstarter.com,Female,208.247.230.64
100,Anthony,Gothard,agothard2r@weebly.com,Male,249.155.178.34
101,Roderich,Oldacre,roldacre2s@time.com,Male,159.160.71.23
102,Sheelah,Tomasicchio,stomasicchio2t@eepurl.com,Female,217.180.73.216
103,Ania,Begg,abegg2u@theatlantic.com,Female,239.33.120.152
104,Donica,Costen,dcosten2v@com.com,Female,17.247.181.52
105,Diann,Escalera,descalera2w@bloglovin.com,Female,100.185.218.123
106,Say,Wagen,swagen2x@sourceforge.net,Agender,81.26.140.167
107,Hernando,Slaymaker,hslaymaker2y@mozilla.com,Male,235.75.89.184
108,Phillipp,Aiston,paiston2z@yale.edu,Male,9.48.185.60
109,Siobhan,Lowseley,slowseley30@gov.uk,Female,130.122.5.234
110,James,Haye,jhaye31@yelp.com,Male,63.185.207.227
111,Nolie,Damato,ndamato32@illinois.edu,Female,193.103.128.112
112,Colin,Langstaff,clangstaff33@opera.com,Male,146.70.88.189
113,Urban,Liverseege,uliverseege34@gmpg.org,Male,41.3.72.58
114,Julianne,Castaneda,jcastaneda35@google.es,Female,80.185.7.224
115,Vick,Linney,vlinney36@rambler.ru,Male,62.119.6.10
116,Jany,Boykett,jboykett37@studiopress.com,Female,201.97.181.175
117,Ian,Berkeley,iberkeley38@fema.gov,Male,38.165.168.182
118,Vincenty,Maneylaws,vmaneylaws39@npr.org,Male,31.95.184.89
119,Townie,MacAdam,tmacadam3a@deviantart.com,Male,176.156.193.22
120,Darcey,Fiennes,dfiennes3b@wikipedia.org,Female,129.180.150.150
121,Tiphanie,Janko,tjanko3c@jigsy.com,Female,213.114.200.5
122,Jaine,Hugenin,jhugenin3d@bluehost.com,Female,175.80.245.17
123,Hermia,Cosens,hcosens3e@ucla.edu,Female,130.157.69.137
124,Yvette,Fasset,yfasset3f@illinois.edu,Female,141.200.17.203
125,Duke,Leyninye,dleyninye3g@cisco.com,Male,21.167.106.73
126,Gayle,Fishley,gfishley3h@cbslocal.com,Male,40.173.103.30
127,Joaquin,Dilleston,jdilleston3i@ftc.gov,Male,254.29.94.36
128,Des,Bentinck,dbentinck3j@washingtonpost.com,Male,67.76.95.49
129,Dot,Hardaway,dhardaway3k@skype.com,Female,236.208.158.139
130,Vanya,Woolhouse,vwoolhouse3l@cocolog-nifty.com,Female,53.198.147.105
131,Dion,Ciobotaru,dciobotaru3m@marketwatch.com,Male,82.234.31.208
132,Tiphani,Studeart,tstudeart3n@opensource.org,Female,240.82.132.0
133,Edlin,Beven,ebeven3o@hatena.ne.jp,Male,45.48.186.74
134,Hakim,Bettenson,hbettenson3p@friendfeed.com,Male,125.194.222.73
135,Ring,Camous,rcamous3q@gizmodo.com,Male,188.248.157.158
136,Ashlan,Cowcha,acowcha3r@pinterest.com,Agender,206.184.177.15
137,Katheryn,Costelloe,kcostelloe3s@123-reg.co.uk,Female,135.81.33.54
138,Stanley,McCreery,smccreery3t@qq.com,Male,155.199.131.223
139,Evelin,Francino,efrancino3u@amazonaws.com,Male,198.92.208.124
140,Chance,Bullimore,cbullimore3v@flavors.me,Male,85.35.106.92
141,Swen,Rosoman,srosoman3w@imageshack.us,Male,185.139.44.100
142,Mathias,Corderoy,mcorderoy3x@independent.co.uk,Male,224.81.24.151
143,Darby,Thurborn,dthurborn3y@weebly.com,Male,17.195.247.25
144,Trula,Keywood,tkeywood3z@wunderground.com,Female,13.148.134.247
145,Darill,Tisor,dtisor40@msn.com,Male,16.196.122.136
146,Holly,Leman,hleman41@foxnews.com,Male,118.50.3.161
147,Bridget,Busst,bbusst42@cdc.gov,Female,4.192.61.198
148,Oliy,Marns,omarns43@exblog.jp,Female,224.28.194.134
149,Batsheva,Ingerith,bingerith44@w3.org,Agender,20.233.21.208
150,Nicky,Orrock,norrock45@economist.com,Male,142.249.72.255
151,Drona,MacConnulty,dmacconnulty46@msn.com,Genderqueer,138.118.198.112
152,Bernie,Pont,bpont47@spiegel.de,Female,103.38.212.215
153,Reeva,Brim,rbrim48@miibeian.gov.cn,Female,172.76.120.51
154,Flory,Richford,frichford49@goo.ne.jp,Female,126.251.20.104
155,Suellen,Benech,sbenech4a@microsoft.com,Female,184.126.117.92
156,Ingmar,Ianno,iianno4b@unblog.fr,Male,133.5.197.49
157,Vaclav,Treverton,vtreverton4c@tmall.com,Male,81.113.140.3
158,Margalo,Asbrey,masbrey4d@google.com.au,Female,77.10.240.173
159,Jourdain,Nickless,jnickless4e@homestead.com,Male,149.28.169.230
160,Dominick,Whymark,dwhymark4f@timesonline.co.uk,Male,243.102.220.121
161,Maryjo,Snodin,msnodin4g@ft.com,Female,230.252.20.12
162,Garrard,Vashchenko,gvashchenko4h@narod.ru,Male,203.80.229.107
163,Nance,Moult,nmoult4i@home.pl,Female,225.122.32.144
164,Constantine,Kivlin,ckivlin4j@g.co,Female,56.142.121.80
165,Herve,Bullard,hbullard4k@ow.ly,Male,253.138.187.122
166,Cosme,Short,cshort4l@ow.ly,Male,175.114.107.86
167,Andeee,Caddy,acaddy4m@cyberchimps.com,Female,191.159.40.167
168,Roshelle,Zorro,rzorro4n@pen.io,Female,166.173.251.180
169,Logan,Fromont,lfromont4o@reference.com,Male,174.248.181.85
170,Merell,Bukac,mbukac4p@jigsy.com,Male,92.186.253.182
171,Margery,Echalie,mechalie4q@va.gov,Genderfluid,92.167.226.210
172,Pearline,Calvert,pcalvert4r@163.com,Female,141.248.34.253
173,Siward,Dives,sdives4s@bbb.org,Male,2.150.231.141
174,Regan,Benbrick,rbenbrick4t@ning.com,Female,198.203.118.73
175,Damien,Dhennin,ddhennin4u@vistaprint.com,Male,16.187.198.236
176,Alvina,Tunnah,atunnah4v@drupal.org,Female,35.233.132.179
177,Tasha,Ellens,tellens4w@yahoo.co.jp,Female,5.53.80.181
178,Mil,Conws,mconws4x@wunderground.com,Female,113.8.61.79
179,Saunder,Carhart,scarhart4y@illinois.edu,Male,30.109.22.36
180,Bonnee,Jennison,bjennison4z@omniture.com,Female,29.218.66.190
181,Maura,Speenden,mspeenden50@meetup.com,Female,224.92.216.61
182,Kyla,Krzysztofiak,kkrzysztofiak51@twitter.com,Female,13.202.0.176
183,Barnebas,Anshell,banshell52@bizjournals.com,Male,185.145.174.173
184,Ardeen,Moodycliffe,amoodycliffe53@ehow.com,Female,49.207.138.102
185,Olympe,Bilyard,obilyard54@telegraph.co.uk,Female,54.144.33.14
186,Marty,Starrs,mstarrs55@imdb.com,Male,99.119.241.45
187,Joelynn,Cawson,jcawson56@tripod.com,Female,202.142.143.123
188,Wesley,Filmer,wfilmer57@accuweather.com,Male,2.102.86.198
189,Virgina,Kurt,vkurt58@indiatimes.com,Female,1.247.39.122
190,Anders,Rutledge,arutledge59@github.com,Male,69.88.171.211
191,Cyndy,Arnaudi,carnaudi5a@springer.com,Female,33.68.71.237
192,Wyatt,Rosendale,wrosendale5b@ibm.com,Male,103.77.51.94
193,Rance,Edney,redney5c@addthis.com,Male,66.20.11.110
194,Ulises,Mation,umation5d@altervista.org,Male,100.227.175.146
195,Augustine,Garfitt,agarfitt5e@utexas.edu,Male,179.86.142.130
196,Cheslie,Abbitt,cabbitt5f@creativecommons.org,Female,184.249.17.39
197,Hedwig,Songist,hsongist5g@scientificamerican.com,Female,78.85.78.209
198,Leandra,Stork,lstork5h@vimeo.com,Female,142.223.32.99
199,Jules,Wisdom,jwisdom5i@examiner.com,Male,83.27.151.147
200,Kermy,Edgcombe,kedgcombe5j@uiuc.edu,Male,86.179.9.79
201,Garvin,Juschka,gjuschka5k@ezinearticles.com,Bigender,188.17.32.5
202,Gert,Clineck,gclineck5l@nasa.gov,Female,116.57.58.208
203,Tyrus,Evitt,tevitt5m@ameblo.jp,Male,67.16.90.91
204,Gale,Winstone,gwinstone5n@yellowpages.com,Male,67.243.89.69
205,Orv,Hutchcraft,ohutchcraft5o@soundcloud.com,Male,233.174.240.183
206,Dasi,Hughland,dhughland5p@senate.gov,Female,210.33.74.98
207,Alyson,Lawlance,alawlance5q@wisc.edu,Female,123.95.187.216
208,Cathy,Trevain,ctrevain5r@webnode.com,Female,137.76.20.190
209,Nathanael,Clausen,nclausen5s@bing.com,Genderfluid,179.13.74.101
210,Catherina,Ivashin,civashin5t@wp.com,Female,77.122.208.13
211,Cherrita,Kilkenny,ckilkenny5u@ca.gov,Female,38.58.128.175
212,Fernandina,Puddefoot,fpuddefoot5v@issuu.com,Genderfluid,126.41.22.250
213,Meris,Aslet,maslet5w@ameblo.jp,Female,157.11.165.32
214,Franky,Dealey,fdealey5x@about.me,Female,86.163.127.250
215,Micheil,Gianotti,mgianotti5y@yelp.com,Male,85.190.208.219
216,Brett,Marchi,bmarchi5z@facebook.com,Male,163.252.188.172
217,Felike,Stote,fstote60@craigslist.org,Agender,72.2.70.40
218,Duane,China,dchina61@indiegogo.com,Male,29.12.21.153
219,Burty,Lawranson,blawranson62@telegraph.co.uk,Male,57.0.106.187
220,Eliot,Timbridge,etimbridge63@reference.com,Male,236.88.236.21
221,Adrian,Cranshaw,acranshaw64@apache.org,Male,22.155.229.217
222,Jock,Wessell,jwessell65@ifeng.com,Male,149.172.52.179
223,Francisco,Abrami,fabrami66@ucoz.ru,Male,241.179.93.232
224,Nerita,Bathow,nbathow67@gravatar.com,Female,117.116.61.250
225,Preston,Mulligan,pmulligan68@biglobe.ne.jp,Male,97.2.98.226
226,Amerigo,Bladder,abladder69@oaic.gov.au,Male,108.177.159.203
227,Stephine,Frackiewicz,sfrackiewicz6a@mediafire.com,Female,156.76.71.43
228,Raynell,Lambal,rlambal6b@addtoany.com,Female,201.19.114.246
229,Forrester,Kirwan,fkirwan6c@icio.us,Agender,94.221.203.133
230,Wheeler,Swyn,wswyn6d@clickbank.net,Genderfluid,59.108.82.206
231,Marleah,Cavil,mcavil6e@reddit.com,Female,208.47.122.154
232,Bengt,Cosbey,bcosbey6f@hubpages.com,Male,60.70.108.70
233,Willie,Lacrouts,wlacrouts6g@booking.com,Male,33.49.212.198
234,Hussein,Paten,hpaten6h@wsj.com,Male,71.106.29.68
235,Bryana,Bretelle,bbretelle6i@wufoo.com,Female,106.144.50.87
236,Berne,Carslake,bcarslake6j@oaic.gov.au,Male,68.251.6.104
237,Redford,Collingham,rcollingham6k@apache.org,Male,247.71.231.164
238,Brien,Potzold,bpotzold6l@liveinternet.ru,Male,183.12.219.25
239,Silvan,Fraanchyonok,sfraanchyonok6m@comsenz.com,Male,245.239.100.244
240,Wilfred,Dumbleton,wdumbleton6n@seattletimes.com,Male,28.238.136.168
241,Juan,Babbe,jbabbe6o@hubpages.com,Agender,68.137.200.86
242,Gino,Hundley,ghundley6p@google.es,Male,231.159.84.213
243,Onfroi,Rosenbarg,orosenbarg6q@mlb.com,Male,151.109.111.44
244,Pierette,Pennycord,ppennycord6r@patch.com,Non-binary,156.101.165.2
245,Grete,Benedtti,gbenedtti6s@geocities.com,Non-binary,140.245.40.102
246,Jody,Skipworth,jskipworth6t@phpbb.com,Male,247.247.219.20
247,Dana,Claibourn,dclaibourn6u@jalbum.net,Agender,76.117.70.14
248,Alejoa,Broome,abroome6v@behance.net,Male,172.195.22.20
249,Geno,Sear,gsear6w@tamu.edu,Male,253.170.92.103
250,Hally,Colquhoun,hcolquhoun6x@usgs.gov,Female,88.95.173.201
251,Thom,Brocket,tbrocket6y@webeden.co.uk,Male,127.136.76.65
252,Harriott,Lebbon,hlebbon6z@walmart.com,Female,211.18.22.237
253,Maxim,Skahill,mskahill70@pen.io,Male,223.222.97.64
254,Cristi,Turneaux,cturneaux71@epa.gov,Agender,131.94.27.198
255,Sella,Malacrida,smalacrida72@fotki.com,Female,84.28.45.111
256,Camile,McGilvray,cmcgilvray73@theguardian.com,Female,226.130.28.145
257,Ernesto,Darch,edarch74@nature.com,Male,128.185.49.69
258,Nydia,Yurkiewicz,nyurkiewicz75@engadget.com,Female,159.102.238.199
259,Veronique,Goode,vgoode76@blogtalkradio.com,Female,250.24.219.129
260,Murvyn,Kean,mkean77@state.tx.us,Male,199.29.156.36
261,Jessie,MacKee,jmackee78@flavors.me,Male,69.228.163.58
262,Rosa,Crocumbe,rcrocumbe79@sciencedirect.com,Female,107.232.66.168
263,Heath,Bladge,hbladge7a@arizona.edu,Male,28.146.21.0
264,Gasper,Palatini,gpalatini7b@t-online.de,Male,89.103.58.188
265,Orlando,Toll,otoll7c@army.mil,Male,223.167.86.93
266,Ian,Nott,inott7d@samsung.com,Male,29.198.41.103
267,Darren,Doggett,ddoggett7e@soup.io,Male,223.50.185.179
268,Monah,Garie,mgarie7f@dmoz.org,Female,93.148.84.131
269,Reinaldo,Maggiore,rmaggiore7g@zdnet.com,Genderfluid,161.207.189.156
270,Lincoln,Yashin,lyashin7h@netvibes.com,Male,220.106.168.72
271,Archer,Moryson,amoryson7i@studiopress.com,Male,24.10.154.45
272,Dalia,MacCheyne,dmaccheyne7j@mysql.com,Female,151.163.77.24
273,Ninetta,Rathbone,nrathbone7k@shop-pro.jp,Female,106.48.111.44
274,Austina,Featonby,afeatonby7l@fema.gov,Female,153.194.186.64
275,Vickie,Streeting,vstreeting7m@columbia.edu,Female,219.57.25.191
276,Irene,Longhorne,ilonghorne7n@artisteer.com,Female,223.41.186.231
277,Aubrey,Hanselmann,ahanselmann7o@ovh.net,Male,62.101.226.51
278,Titos,Corck,tcorck7p@discuz.net,Male,215.103.255.93
279,Ronald,Trusler,rtrusler7q@oakley.com,Male,159.149.70.90
280,Klara,Worner,kworner7r@japanpost.jp,Female,98.28.249.224
281,Anny,Gwilliams,agwilliams7s@cisco.com,Agender,123.99.80.235
282,Byran,Lyles,blyles7t@imageshack.us,Male,56.77.208.138
283,Raina,Toderini,rtoderini7u@guardian.co.uk,Female,132.164.150.86
284,Dorella,Waith,dwaith7v@mit.edu,Female,150.175.50.149
285,Pinchas,Sturgess,psturgess7w@mapquest.com,Male,50.74.46.45
286,Rafe,Dickerline,rdickerline7x@usda.gov,Polygender,147.254.42.253
287,Margy,Lux,mlux7y@bbc.co.uk,Female,148.76.204.165
288,Joannes,Grandison,jgrandison7z@businessweek.com,Female,179.156.223.21
289,Angele,Lister,alister80@patch.com,Female,121.109.16.210
290,Caz,Huffy,chuffy81@tinyurl.com,Male,198.252.220.217
291,Edmund,Rummer,erummer82@myspace.com,Bigender,34.142.40.161
292,Aleksandr,Syddon,asyddon83@washingtonpost.com,Agender,231.55.173.181
293,Beaufort,Cicullo,bcicullo84@wiley.com,Male,206.65.116.168
294,Davina,Gundry,dgundry85@ftc.gov,Female,21.46.121.170
295,Barnie,Oakenfull,boakenfull86@delicious.com,Agender,47.127.209.73
296,Ashien,Murney,amurney87@nydailynews.com,Female,227.76.135.190
297,Maud,Skeete,mskeete88@cam.ac.uk,Female,58.59.210.220
298,Thelma,Cahan,tcahan89@cornell.edu,Female,235.100.21.158
299,Abramo,Cattel,acattel8a@vk.com,Bigender,9.28.220.99
300,Rina,Roycroft,rroycroft8b@elegantthemes.com,Female,36.173.151.77
301,Ceciley,Dilks,cdilks8c@newsvine.com,Female,208.107.81.42
302,Rosalinde,Giorgini,rgiorgini8d@ezinearticles.com,Female,182.93.218.192
303,Vassili,Wehner,vwehner8e@infoseek.co.jp,Male,143.8.58.175
304,Zaria,Farnhill,zfarnhill8f@domainmarket.com,Female,209.221.202.209
305,Hollis,Beesey,hbeesey8g@phpbb.com,Male,209.242.97.27
306,Jena,Clausius,jclausius8h@netvibes.com,Female,190.150.100.205
307,Wayland,Pengelly,wpengelly8i@comcast.net,Male,2.112.234.206
308,Sibley,Minichi,sminichi8j@ihg.com,Female,9.135.173.44
309,Mia,Ewin,mewin8k@wix.com,Female,189.9.119.16
310,Merle,Filipychev,mfilipychev8l@sourceforge.net,Male,44.189.134.44
311,Farand,Netley,fnetley8m@soup.io,Female,25.168.215.183
312,Boot,Condliffe,bcondliffe8n@plala.or.jp,Male,20.184.105.94
313,Petronia,Scally,pscally8o@4shared.com,Female,122.129.148.132
314,Franklyn,Shoubridge,fshoubridge8p@wunderground.com,Male,35.220.102.212
315,Hilda,Rendle,hrendle8q@redcross.org,Female,193.203.155.205
316,Dinny,Canon,dcanon8r@thetimes.co.uk,Female,213.122.224.184
317,Eustace,Leadston,eleadston8s@ucoz.ru,Male,236.167.245.196
318,Arnuad,Dibbe,adibbe8t@com.com,Male,234.157.208.113
319,Sarena,Dougher,sdougher8u@rambler.ru,Female,43.215.6.12
320,Ephraim,Petrushkevich,epetrushkevich8v@amazon.de,Male,42.237.118.59
321,Pearce,Coston,pcoston8w@yelp.com,Male,126.153.226.122
322,Roby,Fishlock,rfishlock8x@meetup.com,Female,169.85.21.20
323,Valaria,Serman,vserman8y@harvard.edu,Female,39.186.15.252
324,Kalvin,Signore,ksignore8z@cbc.ca,Male,130.68.96.141
325,Dre,Hamblen,dhamblen90@biblegateway.com,Female,14.155.189.195
326,Melvin,Bowditch,mbowditch91@berkeley.edu,Male,66.40.76.68
327,Sadye,Wimpenny,swimpenny92@jimdo.com,Female,15.147.45.139
328,Cher,Carnachen,ccarnachen93@cornell.edu,Female,132.10.147.124
329,Sawyere,Stockow,sstockow94@github.io,Male,85.235.164.93
330,Terri,Orneblow,torneblow95@cnbc.com,Female,108.87.140.115
331,Ermentrude,Birks,ebirks96@ihg.com,Female,50.87.97.201
332,Bard,Lowton,blowton97@163.com,Male,151.44.215.175
333,Elaina,Heel,eheel98@wordpress.com,Female,124.141.28.189
334,Johna,Aleixo,jaleixo99@cdbaby.com,Female,112.144.125.218
335,Dawn,McAughtry,dmcaughtry9a@ezinearticles.com,Female,11.88.112.168
336,Elvira,Angus,eangus9b@loc.gov,Female,134.78.234.188
337,Karolina,Nisius,knisius9c@addtoany.com,Female,209.205.185.227
338,Martino,Brocking,mbrocking9d@addtoany.com,Male,191.62.126.146
339,Susann,Joskovitch,sjoskovitch9e@com.com,Female,170.160.128.104
340,Laurie,McTavy,lmctavy9f@sciencedirect.com,Female,115.153.194.3
341,Frederick,Swynfen,fswynfen9g@gravatar.com,Male,86.21.59.96
342,Caryn,Fain,cfain9h@slashdot.org,Female,113.192.206.223
343,Page,Wycliffe,pwycliffe9i@creativecommons.org,Male,213.197.48.186
344,Tabitha,Rhubottom,trhubottom9j@dedecms.com,Female,136.20.46.25
345,Nathaniel,Beldon,nbeldon9k@prlog.org,Male,93.242.246.68
346,Gladi,Hatter,ghatter9l@networksolutions.com,Female,241.23.235.172
347,Beryle,McKinnell,bmckinnell9m@reuters.com,Female,217.14.121.213
348,Ahmad,Van der Beek,avanderbeek9n@redcross.org,Male,150.24.186.29
349,Shelley,Kermannes,skermannes9o@google.com,Female,83.209.27.72
350,Kathye,Bowser,kbowser9p@g.co,Female,107.84.250.141
351,Eddi,Lorence,elorence9q@etsy.com,Female,237.122.211.74
352,Christos,Conrath,cconrath9r@typepad.com,Male,171.65.80.243
353,Faythe,Realy,frealy9s@fastcompany.com,Female,145.232.34.123
354,Ernesto,Goding,egoding9t@networksolutions.com,Male,73.225.226.89
355,Sidnee,Piggford,spiggford9u@1und1.de,Male,41.88.68.85
356,Sapphire,Cardno,scardno9v@comcast.net,Female,133.52.185.168
357,Otto,Shorrock,oshorrock9w@jigsy.com,Male,47.16.136.249
358,Doe,Gemlett,dgemlett9x@google.ca,Genderfluid,172.227.137.180
359,Charlena,Gillani,cgillani9y@wikipedia.org,Female,207.106.89.106
360,Porty,Thominga,pthominga9z@is.gd,Male,145.239.120.227
361,Brockie,Avarne,bavarnea0@mit.edu,Male,86.88.227.238
362,Trina,Portsmouth,tportsmoutha1@netlog.com,Female,245.248.52.42
363,Shane,Byer,sbyera2@cnet.com,Female,204.103.130.245
364,Riannon,Lermouth,rlermoutha3@va.gov,Female,31.84.255.136
365,Gaultiero,Lowther,glowthera4@cnbc.com,Male,94.243.216.35
366,Hilliard,Datte,hdattea5@wordpress.com,Male,155.18.209.94
367,Klaus,Sheraton,ksheratona6@about.com,Male,103.232.186.97
368,Millicent,Rodear,mrodeara7@shutterfly.com,Female,97.72.204.85
369,Robinette,Linnane,rlinnanea8@livejournal.com,Female,204.153.172.10
370,Glynis,Coopland,gcooplanda9@go.com,Female,23.233.85.145
371,Alfreda,Erington,aeringtonaa@tiny.cc,Female,49.62.201.45
372,Ester,Kierans,ekieransab@twitpic.com,Female,220.21.131.2
373,Hadleigh,Hebner,hhebnerac@joomla.org,Male,46.77.108.128
374,Winna,Wilprecht,wwilprechtad@businessinsider.com,Female,88.80.101.73
375,Elsinore,Mapowder,emapowderae@ed.gov,Female,9.99.0.45
376,Sallyanne,Pinxton,spinxtonaf@quantcast.com,Female,73.227.89.17
377,Koren,Pittendreigh,kpittendreighag@home.pl,Female,24.192.206.194
378,Trevar,Perry,tperryah@jugem.jp,Male,149.244.60.253
379,Etan,Fautley,efautleyai@tripadvisor.com,Male,150.245.214.39
380,Tomas,MacManus,tmacmanusaj@phpbb.com,Genderqueer,18.23.129.4
381,Terrell,McCanny,tmccannyak@about.me,Male,8.45.235.128
382,Linc,Gossling,lgosslingal@miitbeian.gov.cn,Male,93.8.124.83
383,Ricoriki,Wellfare,rwellfaream@dot.gov,Male,64.221.97.242
384,Hesther,Blundell,hblundellan@va.gov,Female,22.210.12.166
385,Lani,McIlwraith,lmcilwraithao@aol.com,Polygender,178.164.116.169
386,Byram,Court,bcourtap@narod.ru,Male,33.227.73.155
387,Shirlee,Dibb,sdibbaq@blogger.com,Female,222.26.182.76
388,Caesar,Filby,cfilbyar@bizjournals.com,Male,37.46.161.60
389,Foster,Sames,fsamesas@surveymonkey.com,Male,134.216.174.68
390,Georgy,Neubigging,gneubiggingat@abc.net.au,Male,88.70.230.18
391,Andriana,McGonnell,amcgonnellau@reverbnation.com,Female,244.176.217.43
392,Byron,Lehrer,blehrerav@stumbleupon.com,Male,213.97.60.202
393,Brew,Greste,bgresteaw@vimeo.com,Male,91.147.241.185
394,John,Wadly,jwadlyax@tripadvisor.com,Male,120.241.91.234
395,Engracia,Jardine,ejardineay@seattletimes.com,Female,5.134.210.44
396,Ruthanne,Beckingham,rbeckinghamaz@dailymotion.com,Female,225.148.125.193
397,Corinne,Drever,cdreverb0@oakley.com,Female,224.198.234.164
398,Luce,Grindall,lgrindallb1@dedecms.com,Male,181.97.44.18
399,Lazare,Fries,lfriesb2@nsw.gov.au,Male,51.44.14.184
400,Indira,McCheyne,imccheyneb3@usa.gov,Female,115.44.36.61
401,Lynea,Planks,lplanksb4@comsenz.com,Female,83.121.239.238
402,Perl,Alelsandrowicz,palelsandrowiczb5@digg.com,Female,112.200.111.66
403,Nollie,Gwillyam,ngwillyamb6@rambler.ru,Male,200.1.209.203
404,Dedra,Fulker,dfulkerb7@admin.ch,Female,5.244.190.124
405,Ban,Katt,bkattb8@opensource.org,Male,209.109.238.168
406,Casey,Capenor,ccapenorb9@ning.com,Female,179.20.22.126
407,Otes,Arstingall,oarstingallba@php.net,Male,113.179.101.29
408,Jolene,Manicomb,jmanicombbb@nymag.com,Female,88.84.62.161
409,Reinaldos,Revely,rrevelybc@tiny.cc,Male,60.247.202.6
410,Vernice,Gaddie,vgaddiebd@cbc.ca,Female,171.253.148.32
411,Tommy,Sigmund,tsigmundbe@timesonline.co.uk,Female,191.86.83.148
412,Quincey,Cristofvao,qcristofvaobf@rediff.com,Male,88.37.21.246
413,Jillie,Spiers,jspiersbg@mac.com,Female,234.3.26.141
414,Tallia,Presser,tpresserbh@163.com,Female,108.136.243.94
415,Jenilee,Schindler,jschindlerbi@engadget.com,Polygender,106.78.223.160
416,Mateo,Klazenga,mklazengabj@zdnet.com,Male,74.34.92.2
417,Adah,Masey,amaseybk@buzzfeed.com,Female,12.202.75.28
418,Free,Gather,fgatherbl@techcrunch.com,Male,60.61.228.49
419,Franny,Torbeck,ftorbeckbm@google.es,Male,176.60.164.21
420,Althea,Sawer,asawerbn@1688.com,Female,99.100.106.194
421,Sally,Hiskey,shiskeybo@intel.com,Female,95.113.147.216
422,Brandea,Davydzenko,bdavydzenkobp@ihg.com,Female,180.60.175.95
423,Boris,Galier,bgalierbq@mayoclinic.com,Male,243.129.25.20
424,Pacorro,Boal,pboalbr@linkedin.com,Male,11.9.45.247
425,Kylie,Reiner,kreinerbs@mozilla.org,Male,94.146.50.227
426,Melanie,Furphy,mfurphybt@fastcompany.com,Genderqueer,97.218.209.62
427,Dwain,Guiett,dguiettbu@constantcontact.com,Genderfluid,125.78.64.160
428,Lesli,Papierz,lpapierzbv@last.fm,Female,200.222.136.6
429,Henka,Golledge,hgolledgebw@parallels.com,Female,92.160.67.140
430,Angelico,Pennicott,apennicottbx@facebook.com,Male,41.9.18.246
431,Noam,Seywood,nseywoodby@php.net,Male,160.245.183.24
432,Lorenzo,Layborn,llaybornbz@plala.or.jp,Male,74.142.164.138
433,Banky,Fronks,bfronksc0@telegraph.co.uk,Male,180.81.60.8
434,Page,Gounel,pgounelc1@comsenz.com,Male,139.92.159.141
435,Nichol,Hawksley,nhawksleyc2@cpanel.net,Female,38.217.194.196
436,Rosabel,Langfield,rlangfieldc3@slate.com,Polygender,70.2.136.62
437,Marabel,McDonell,mmcdonellc4@github.io,Female,174.168.106.75
438,Gearalt,Battyll,gbattyllc5@technorati.com,Male,211.87.48.187
439,Keary,Andriveaux,kandriveauxc6@sogou.com,Genderfluid,24.159.205.151
440,Chrysa,Cheltnam,ccheltnamc7@samsung.com,Female,196.138.148.147
441,Ree,Tuffey,rtuffeyc8@google.nl,Female,122.17.105.201
442,Thomas,Isaac,tisaacc9@ycombinator.com,Male,184.119.65.58
443,Alysia,Bodicum,abodicumca@youtube.com,Female,67.6.236.215
444,Dennie,Wheildon,dwheildoncb@shinystat.com,Female,66.229.83.16
445,Sella,Fere,sferecc@google.com,Female,67.138.46.254
446,Pansy,Codman,pcodmancd@fastcompany.com,Female,237.133.72.222
447,Wainwright,Elmar,welmarce@sohu.com,Male,2.63.235.61
448,Aileen,Ditty,adittycf@bloomberg.com,Female,203.24.204.139
449,Virgina,Lavielle,vlaviellecg@lycos.com,Female,50.10.65.220
450,Baron,Aaron,baaronch@canalblog.com,Male,247.251.83.177
451,Isahella,Gleadhell,igleadhellci@over-blog.com,Female,179.168.16.251
452,Ethelda,Scini,escinicj@oracle.com,Female,159.172.106.73
453,Malina,Aprahamian,maprahamianck@disqus.com,Female,226.108.46.154
454,Lurette,Tulleth,ltullethcl@tuttocitta.it,Female,96.221.252.188
455,Sal,Blasoni,sblasonicm@tmall.com,Male,166.24.161.79
456,Lelah,Hatterslay,lhatterslaycn@lulu.com,Female,184.166.160.253
457,Hastie,Volker,hvolkerco@nih.gov,Male,145.218.49.154
458,Vina,Whodcoat,vwhodcoatcp@cdc.gov,Female,226.217.55.240
459,Maryl,Steely,msteelycq@jalbum.net,Female,33.73.194.29
460,Allix,Batkin,abatkincr@google.es,Female,197.30.132.7
461,Fee,Fearne,ffearnecs@about.me,Male,214.168.24.132
462,Eleanore,Shrimpling,eshrimplingct@springer.com,Female,45.89.105.241
463,Madonna,Swyer-Sexey,mswyersexeycu@vkontakte.ru,Female,183.165.232.153
464,Bone,Janous,bjanouscv@barnesandnoble.com,Male,82.221.234.151
465,Skylar,Stillman,sstillmancw@ycombinator.com,Male,132.116.237.22
466,Reena,Akram,rakramcx@examiner.com,Female,133.150.47.135
467,Brigham,Nanuccioi,bnanuccioicy@hatena.ne.jp,Male,245.250.218.228
468,Granthem,Melville,gmelvillecz@icq.com,Bigender,67.191.2.129
469,Marley,Patnelli,mpatnellid0@epa.gov,Female,151.45.205.247
470,Jerrilyn,Beardmore,jbeardmored1@linkedin.com,Female,120.190.11.14
471,Haze,Bach,hbachd2@rambler.ru,Male,219.12.183.27
472,Harp,Brennen,hbrennend3@devhub.com,Male,190.102.229.48
473,Aurlie,Sives,asivesd4@npr.org,Female,211.194.17.70
474,Sheena,Yves,syvesd5@vistaprint.com,Female,123.79.191.228
475,Hendrick,Renforth,hrenforthd6@google.co.jp,Male,122.230.23.160
476,Chas,Oki,cokid7@theguardian.com,Male,82.233.211.220
477,Allen,Meugens,ameugensd8@ibm.com,Male,241.218.132.169
478,King,Howland,khowlandd9@elegantthemes.com,Male,94.215.142.156
479,Alvan,Paulazzi,apaulazzida@devhub.com,Male,5.32.245.131
480,Mathias,Gorries,mgorriesdb@google.co.jp,Male,152.96.121.33
481,Zeb,Rosenzwig,zrosenzwigdc@umich.edu,Male,97.147.73.38
482,Terrie,Joddins,tjoddinsdd@tinypic.com,Female,21.135.32.95
483,Bunnie,Alldridge,balldridgede@springer.com,Female,181.110.59.194
484,Levi,Ingall,lingalldf@ihg.com,Male,113.59.37.146
485,Helyn,Stonnell,hstonnelldg@comcast.net,Female,129.178.126.66
486,Averell,Gatherer,agathererdh@spotify.com,Male,86.90.183.17
487,Celestia,Boothman,cboothmandi@wix.com,Female,187.192.164.77
488,Thornie,Banker,tbankerdj@auda.org.au,Male,22.175.82.139
489,Noland,Pridden,npriddendk@noaa.gov,Male,220.143.80.192
490,Benjie,McDougald,bmcdougalddl@umn.edu,Male,87.12.144.197
491,Fleming,Furminger,ffurmingerdm@1688.com,Male,213.122.124.166
492,Andee,Durgan,adurgandn@imgur.com,Female,73.17.123.150
493,Keane,Hars,kharsdo@berkeley.edu,Male,68.132.25.42
494,Gustave,Sleite,gsleitedp@devhub.com,Male,242.33.111.86
495,Cort,Daspar,cdaspardq@ehow.com,Male,30.77.185.49
496,Ruperta,Jowling,rjowlingdr@linkedin.com,Female,192.245.74.182
497,Dorie,Boswood,dboswoodds@exblog.jp,Male,116.187.198.5
498,Theadora,Ashtonhurst,tashtonhurstdt@networkadvertising.org,Female,21.86.74.42
499,Virgina,Iddons,viddonsdu@nydailynews.com,Female,90.127.82.41
500,Noam,Dachey,ndacheydv@blogtalkradio.com,Male,114.196.217.16
501,Jen,Tomaello,jtomaellodw@ftc.gov,Female,1.238.132.138
502,Alfie,Mattersey,amatterseydx@admin.ch,Female,75.44.10.60
503,Roshelle,Mayfield,rmayfielddy@shutterfly.com,Female,205.67.214.2
504,Karlen,Vanyatin,kvanyatindz@livejournal.com,Female,115.110.226.20
505,Amabel,MacFarlane,amacfarlanee0@nsw.gov.au,Female,216.54.0.147
506,Dory,Libbe,dlibbee1@smh.com.au,Female,242.188.13.42
507,Tucky,Madrell,tmadrelle2@hexun.com,Male,25.146.160.126
508,Cece,Drennan,cdrennane3@narod.ru,Male,128.97.115.200
509,Alfy,Taylerson,ataylersone4@mysql.com,Male,65.227.190.177
510,Glenn,Stanley,gstanleye5@paginegialle.it,Male,181.106.170.1
511,Emyle,Spearman,espearmane6@rakuten.co.jp,Female,189.117.206.103
512,Rani,Jaxon,rjaxone7@mozilla.com,Female,64.78.169.22
513,Corliss,Coot,ccoote8@virginia.edu,Female,174.174.59.37
514,Andrey,Duddridge,aduddridgee9@gov.uk,Male,78.92.238.154
515,Clemmie,Nares,cnaresea@jugem.jp,Female,194.136.207.18
516,Hazlett,Harm,hharmeb@delicious.com,Male,70.31.199.138
517,Ira,Utting,iuttingec@squarespace.com,Male,43.53.233.204
518,Annamaria,Bore,aboreed@bing.com,Female,184.158.199.137
519,Eberhard,Silverston,esilverstonee@newsvine.com,Male,192.98.64.44
520,Marc,Benneton,mbennetonef@bravesites.com,Male,62.65.189.93
521,Yoshi,Jakoub,yjakoubeg@google.co.jp,Female,45.36.127.90
522,Daniele,Wermerling,dwermerlingeh@auda.org.au,Female,173.195.94.178
523,Salmon,Blakely,sblakelyei@privacy.gov.au,Male,19.13.123.1
524,Tallou,McDermott,tmcdermottej@gov.uk,Female,94.154.81.84
525,Meryl,Dilon,mdilonek@answers.com,Male,216.53.94.57
526,Constantin,Fiddymont,cfiddymontel@drupal.org,Male,191.46.116.240
527,Rufe,Krol,rkrolem@mozilla.org,Male,193.17.179.131
528,Donalt,Petrazzi,dpetrazzien@ustream.tv,Agender,75.203.245.180
529,Carmela,Geering,cgeeringeo@cafepress.com,Female,24.185.132.180
530,Patrica,Brixham,pbrixhamep@ucoz.ru,Female,96.49.86.230
531,Maddy,Hurd,mhurdeq@skyrock.com,Female,167.252.74.108
532,Cedric,Gossop,cgossoper@wp.com,Male,34.57.159.49
533,Jecho,Kondratowicz,jkondratowiczes@nydailynews.com,Genderfluid,102.68.192.158
534,Bradney,Karlicek,bkarliceket@phoca.cz,Male,100.202.151.79
535,Erinna,Garlant,egarlanteu@forbes.com,Female,23.90.89.91
536,Reggi,Gniewosz,rgniewoszev@pinterest.com,Genderqueer,203.171.15.230
537,Zeb,Selway,zselwayew@forbes.com,Bigender,41.146.234.254
538,Prisca,Rootes,prootesex@yandex.ru,Female,227.62.144.30
539,Ruth,Counihan,rcounihaney@vk.com,Female,182.176.162.39
540,Page,Hannond,phannondez@addtoany.com,Male,177.61.11.10
541,Charlene,Seedull,cseedullf0@sakura.ne.jp,Female,149.97.194.115
542,Eleonore,Kilfeather,ekilfeatherf1@nationalgeographic.com,Female,77.45.13.228
543,Remington,Copsey,rcopseyf2@linkedin.com,Male,6.227.71.8
544,Concettina,Ruusa,cruusaf3@forbes.com,Female,227.210.179.202
545,Audrye,Gosford,agosfordf4@google.co.jp,Female,54.7.203.23
546,Had,Colloff,hcollofff5@uol.com.br,Male,70.42.226.173
547,Shela,Hundell,shundellf6@gnu.org,Female,175.201.17.87
548,Amble,Croad,acroadf7@oaic.gov.au,Genderfluid,31.131.36.48
549,Peter,Whimp,pwhimpf8@jalbum.net,Male,106.123.69.232
550,Margot,Hanmer,mhanmerf9@narod.ru,Female,105.175.174.1
551,Christiane,Kunc,ckuncfa@deviantart.com,Female,62.135.178.27
552,Evie,Fawdrie,efawdriefb@house.gov,Female,26.19.140.30
553,Haroun,June,hjunefc@arizona.edu,Male,113.72.213.228
554,Eyde,Dalling,edallingfd@home.pl,Female,101.101.99.97
555,Heather,Barnham,hbarnhamfe@economist.com,Female,138.247.170.113
556,Guglielmo,Corona,gcoronaff@indiegogo.com,Male,179.169.235.84
557,Darda,Di Matteo,ddimatteofg@webnode.com,Female,8.247.10.75
558,Chev,Guiton,cguitonfh@canalblog.com,Male,174.64.58.39
559,Kinnie,Thornton,kthorntonfi@hostgator.com,Male,69.77.121.49
560,Patty,MacGibbon,pmacgibbonfj@fda.gov,Female,3.160.250.121
561,Gabriela,Lilburn,glilburnfk@nbcnews.com,Female,33.82.41.53
562,Perkin,Tann,ptannfl@wordpress.org,Male,24.110.150.187
563,Ginny,Frampton,gframptonfm@rambler.ru,Female,191.107.233.227
564,Feodora,Godspede,fgodspedefn@cornell.edu,Female,141.206.242.77
565,Evelyn,Lewins,elewinsfo@fema.gov,Female,141.185.144.9
566,Gaile,Saffon,gsaffonfp@wordpress.com,Male,57.194.151.94
567,Coleen,Chilver,cchilverfq@booking.com,Female,184.211.167.205
568,Rich,Berriman,rberrimanfr@wisc.edu,Male,123.52.242.184
569,Chadd,Lepard,clepardfs@whitehouse.gov,Male,115.145.188.149
570,Seymour,Sharpin,ssharpinft@narod.ru,Male,160.227.15.117
571,Neille,Jahnel,njahnelfu@vinaora.com,Female,170.233.213.90
572,Maitilde,Gooders,mgoodersfv@icq.com,Female,252.235.76.66
573,Selle,Shafto,sshaftofw@youtu.be,Female,190.10.41.73
574,Ambrosio,Dripps,adrippsfx@phpbb.com,Male,169.179.244.101
575,Luelle,Maudling,lmaudlingfy@stumbleupon.com,Female,233.125.97.157
576,Gerti,Cunnane,gcunnanefz@people.com.cn,Female,16.26.23.247
577,Richmond,Ferri,rferrig0@google.ca,Male,189.65.200.155
578,Irwin,McDonald,imcdonaldg1@reference.com,Male,110.157.5.235
579,Taddeo,Yoselevitch,tyoselevitchg2@nytimes.com,Male,133.159.184.60
580,Ardelle,Threadgall,athreadgallg3@telegraph.co.uk,Female,14.240.57.164
581,Mendy,Cromleholme,mcromleholmeg4@jalbum.net,Male,82.148.182.233
582,Vasily,Renzullo,vrenzullog5@gnu.org,Male,7.127.89.101
583,Emanuele,Slayton,eslaytong6@edublogs.org,Male,74.8.192.43
584,Francesco,Ollerenshaw,follerenshawg7@princeton.edu,Male,129.125.59.214
585,Kath,Raimbauld,kraimbauldg8@weibo.com,Female,203.150.209.53
586,Theodosia,Hamlet,thamletg9@addtoany.com,Female,193.54.120.193
587,Anderson,Barehead,abareheadga@theglobeandmail.com,Male,49.178.84.102
588,Stephani,Bunworth,sbunworthgb@hostgator.com,Female,81.81.43.152
589,Kennett,Yokel,kyokelgc@vkontakte.ru,Male,59.127.25.32
590,Justis,Balstone,jbalstonegd@eventbrite.com,Male,242.43.39.107
591,Genevra,Dosdale,gdosdalege@prnewswire.com,Female,6.43.193.62
592,Pembroke,Bristowe,pbristowegf@cnet.com,Male,210.69.83.224
593,Cordi,Batterbee,cbatterbeegg@phpbb.com,Female,115.23.28.90
594,Bondy,Beecraft,bbeecraftgh@com.com,Male,103.56.22.187
595,Anselma,Powlesland,apowleslandgi@vimeo.com,Female,220.144.187.59
596,Brose,Hindsberg,bhindsberggj@opera.com,Genderqueer,121.248.161.203
597,Gwendolyn,Blanchette,gblanchettegk@tiny.cc,Female,231.146.52.123
598,Johnnie,Portman,jportmangl@theguardian.com,Male,92.172.79.11
599,Darius,McKmurrie,dmckmurriegm@youtube.com,Male,104.139.78.25
600,Birk,Selway,bselwaygn@angelfire.com,Male,154.206.142.110
601,Philomena,Selland,psellandgo@jimdo.com,Female,182.123.235.43
602,Becka,Satterfitt,bsatterfittgp@accuweather.com,Female,96.234.143.49
603,Carolin,Grundon,cgrundongq@howstuffworks.com,Female,45.37.29.127
604,Nels,Lorincz,nlorinczgr@arstechnica.com,Male,29.102.249.173
605,Selle,Perdue,sperduegs@sina.com.cn,Female,132.153.181.133
606,Sid,Poolton,spooltongt@ucoz.ru,Male,3.145.151.253
607,Carey,Horning,chorninggu@mozilla.com,Male,156.122.23.87
608,Maisie,Piggen,mpiggengv@odnoklassniki.ru,Female,44.224.12.189
609,Trace,Maith,tmaithgw@live.com,Male,33.233.232.144
610,Kamillah,Giovanardi,kgiovanardigx@seesaa.net,Genderqueer,9.237.77.78
611,Lucia,Paver,lpavergy@businesswire.com,Female,32.250.243.118
612,Goldarina,Gallant,ggallantgz@bloglines.com,Female,180.180.22.6
613,Noelle,Hallybone,nhallyboneh0@mozilla.com,Female,110.16.28.81
614,Husein,Worsam,hworsamh1@netscape.com,Male,22.172.80.82
615,Dede,Richemond,drichemondh2@github.com,Female,216.4.45.74
616,Lauryn,Jerrolt,ljerrolth3@hao123.com,Female,162.207.19.0
617,Sampson,Blaszczyk,sblaszczykh4@prlog.org,Male,100.69.43.187
618,Leelah,Denholm,ldenholmh5@yolasite.com,Female,220.58.63.59
619,Kaja,Delamar,kdelamarh6@goo.ne.jp,Female,151.170.229.166
620,Abbot,Keable,akeableh7@patch.com,Male,126.67.232.37
621,Libbi,Tabourin,ltabourinh8@miitbeian.gov.cn,Female,223.84.110.13
622,Wilek,Hesse,whesseh9@mozilla.org,Male,16.188.135.126
623,Berry,Jochens,bjochensha@upenn.edu,Female,250.127.202.80
624,Traver,Rookes,trookeshb@patch.com,Male,87.5.191.71
625,Vincents,Salterne,vsalternehc@dmoz.org,Male,237.164.24.80
626,Branden,Alves,balveshd@imdb.com,Male,169.195.201.179
627,Red,Fresson,rfressonhe@webmd.com,Male,127.131.168.174
628,Hillard,Wagge,hwaggehf@vimeo.com,Male,213.13.50.249
629,Wilek,Magenny,wmagennyhg@wix.com,Agender,147.92.59.125
630,Bendix,Biagi,bbiagihh@amazon.com,Agender,31.55.235.106
631,Ole,Halso,ohalsohi@yahoo.co.jp,Male,133.207.168.142
632,Patsy,Grigoli,pgrigolihj@tumblr.com,Male,123.209.224.168
633,Verla,Archdeacon,varchdeaconhk@umich.edu,Female,65.206.254.204
634,Mohammed,Horbart,mhorbarthl@ameblo.jp,Male,231.227.105.95
635,Reggi,Covert,rcoverthm@ifeng.com,Female,148.159.138.237
636,Winifield,Christoforou,wchristoforouhn@dyndns.org,Male,138.212.20.105
637,Rollin,Blumer,rblumerho@livejournal.com,Male,206.167.48.120
638,Christoffer,Cumes,ccumeshp@canalblog.com,Male,141.120.145.133
639,Fabien,Casetta,fcasettahq@dot.gov,Male,72.118.65.6
640,Sherrie,McCleverty,smcclevertyhr@prweb.com,Non-binary,145.89.49.213
641,Borden,Lafontaine,blafontainehs@comsenz.com,Male,183.158.29.158
642,Lydia,Davidovitch,ldavidovitchht@homestead.com,Agender,16.135.239.16
643,Joshua,Shivell,jshivellhu@vk.com,Male,193.12.152.8
644,Blancha,Thews,bthewshv@biglobe.ne.jp,Female,28.169.163.214
645,Bonni,Stempe,bstempehw@senate.gov,Agender,160.4.139.214
646,Bunnie,Pachta,bpachtahx@de.vu,Female,183.27.59.51
647,Gael,Sole,gsolehy@360.cn,Male,49.118.240.104
648,Brandie,Pigdon,bpigdonhz@homestead.com,Female,139.111.11.33
649,Harli,Itzcovichch,hitzcovichchi0@twitpic.com,Female,205.85.92.51
650,Mame,Shillitoe,mshillitoei1@netscape.com,Female,12.153.11.80
651,Mufi,Witheford,mwithefordi2@arstechnica.com,Female,49.48.230.13
652,Walton,Scutter,wscutteri3@mozilla.org,Male,177.129.36.54
653,Ax,Hancke,ahanckei4@github.io,Polygender,180.156.101.46
654,Clarette,Coudray,ccoudrayi5@myspace.com,Female,208.229.32.124
655,Shaina,Linay,slinayi6@house.gov,Female,183.108.99.19
656,Gerry,Gress,ggressi7@ftc.gov,Female,71.145.139.101
657,Blair,Pes,bpesi8@redcross.org,Female,97.122.30.174
658,Margret,Shilstone,mshilstonei9@barnesandnoble.com,Female,26.49.114.71
659,Byran,Hourigan,bhourigania@kickstarter.com,Male,247.224.61.240
660,Boycey,Attkins,battkinsib@sphinn.com,Male,184.198.109.134
661,Koenraad,Heinel,kheinelic@github.io,Male,134.159.176.65
662,Cullen,Master,cmasterid@answers.com,Bigender,9.10.175.16
663,Aili,Sneddon,asneddonie@bbb.org,Female,228.196.176.140
664,Stanislaw,Morrissey,smorrisseyif@weebly.com,Male,9.76.240.38
665,Addie,Thebes,athebesig@amazon.com,Non-binary,64.50.103.123
666,Petr,Scadden,pscaddenih@jugem.jp,Male,165.4.75.11
667,Quinn,Leavesley,qleavesleyii@networksolutions.com,Non-binary,198.149.87.245
668,Boyce,Blanking,bblankingij@unesco.org,Male,2.129.216.164
669,Melisa,Duell,mduellik@addthis.com,Female,150.207.117.76
670,Keane,Simoncello,ksimoncelloil@ebay.co.uk,Male,241.226.45.209
671,Leodora,Chisolm,lchisolmim@guardian.co.uk,Female,158.71.161.114
672,Hyacintha,Andres,handresin@feedburner.com,Genderqueer,16.89.220.132
673,Bank,Measen,bmeasenio@si.edu,Male,174.232.137.38
674,Ulric,Challenor,uchallenorip@samsung.com,Male,51.212.129.222
675,Bucky,Grouvel,bgrouveliq@blinklist.com,Male,64.202.49.61
676,Humbert,Fryer,hfryerir@howstuffworks.com,Male,19.127.73.72
677,Pavia,Waterstone,pwaterstoneis@netvibes.com,Female,184.149.205.4
678,Erda,Kaiser,ekaiserit@yahoo.co.jp,Female,175.52.172.130
679,Meyer,Hugenin,mhugeniniu@globo.com,Male,38.93.155.172
680,Thatcher,Abramamovh,tabramamovhiv@typepad.com,Male,132.152.98.119
681,Langston,Churchill,lchurchilliw@tiny.cc,Male,83.246.88.250
682,Alberto,Pynn,apynnix@privacy.gov.au,Non-binary,225.77.55.71
683,Zorah,Dugdale,zdugdaleiy@studiopress.com,Female,214.99.204.109
684,Betteanne,Ingles,binglesiz@studiopress.com,Agender,241.192.52.7
685,Adam,Cleugh,acleughj0@hubpages.com,Male,30.132.156.197
686,Niko,Squirrell,nsquirrellj1@sakura.ne.jp,Male,54.65.128.196
687,Towney,Mottershead,tmottersheadj2@behance.net,Male,204.244.56.3
688,Adelind,Oliveti,aolivetij3@rediff.com,Female,179.106.185.19
689,Blythe,Dackombe,bdackombej4@fotki.com,Female,231.4.12.156
690,Bertie,Trewinnard,btrewinnardj5@timesonline.co.uk,Female,145.92.39.29
691,Archibaldo,Kearsley,akearsleyj6@cocolog-nifty.com,Male,119.22.66.187
692,Sid,Comelini,scomelinij7@a8.net,Male,240.230.21.121
693,Norby,Soggee,nsoggeej8@businessinsider.com,Male,46.218.100.90
694,Alix,Lehrian,alehrianj9@issuu.com,Male,16.7.72.64
695,Barnard,Bailey,bbaileyja@msu.edu,Male,61.37.94.101
696,Cassaundra,Kristufek,ckristufekjb@guardian.co.uk,Female,217.193.123.168
697,Ferrell,Berntsson,fberntssonjc@livejournal.com,Male,0.198.227.65
698,Jerrylee,Ohms,johmsjd@smh.com.au,Female,187.204.65.196
699,Iona,Becerro,ibecerroje@yellowbook.com,Female,228.183.188.188
700,Lincoln,Martinolli,lmartinollijf@hud.gov,Male,209.206.144.85
701,Madelina,Brobeck,mbrobeckjg@instagram.com,Female,182.196.216.131
702,Gil,Roughey,grougheyjh@360.cn,Male,74.33.89.61
703,Fonzie,Greve,fgreveji@npr.org,Male,118.154.187.140
704,Marleen,Bartalini,mbartalinijj@prnewswire.com,Female,163.29.51.72
705,Darcy,Rosengren,drosengrenjk@vkontakte.ru,Bigender,216.146.183.204
706,Alvinia,Emeline,aemelinejl@pcworld.com,Female,98.41.87.17
707,Boothe,Kennifick,bkennifickjm@stumbleupon.com,Male,165.135.79.114
708,Robina,Mabbs,rmabbsjn@blog.com,Female,143.68.52.51
709,Ingemar,Sheddan,isheddanjo@ihg.com,Male,125.89.109.6
710,Jacklin,Argabrite,jargabritejp@uol.com.br,Female,177.160.128.66
711,Roxana,Coode,rcoodejq@w3.org,Agender,73.29.248.60
712,Renaldo,Jedraszczyk,rjedraszczykjr@theguardian.com,Male,12.212.7.153
713,Staci,Cauthra,scauthrajs@scientificamerican.com,Female,197.155.70.252
714,Rosanna,Drezzer,rdrezzerjt@cmu.edu,Female,188.167.102.137
715,Simmonds,De Ath,sdeathju@tinyurl.com,Male,92.54.17.141
716,Engelbert,Goodman,egoodmanjv@oaic.gov.au,Male,46.23.236.77
717,Candy,Mullany,cmullanyjw@ucoz.ru,Female,50.134.53.128
718,Lynn,Brimble,lbrimblejx@squarespace.com,Male,22.110.164.246
719,Mort,Le Quesne,mlequesnejy@paypal.com,Male,18.139.152.162
720,Katey,Challis,kchallisjz@japanpost.jp,Female,88.164.190.251
721,Donnie,Muehler,dmuehlerk0@toplist.cz,Female,166.245.55.255
722,Clarence,Grzelewski,cgrzelewskik1@wix.com,Male,122.151.52.131
723,Sindee,Habeshaw,shabeshawk2@rakuten.co.jp,Female,12.83.198.171
724,Aida,Dore,adorek3@sphinn.com,Non-binary,127.129.35.210
725,Dinny,Croker,dcrokerk4@nytimes.com,Female,162.20.221.248
726,Brigitta,Iozefovich,biozefovichk5@wired.com,Female,25.70.74.221
727,Krystalle,Purnell,kpurnellk6@123-reg.co.uk,Agender,93.70.58.62
728,Dore,Ernshaw,dernshawk7@hao123.com,Female,90.225.76.245
729,Fletch,Stannas,fstannask8@yahoo.com,Male,57.59.82.16
730,Dionysus,Hewes,dhewesk9@mayoclinic.com,Male,101.17.211.179
731,Madalyn,McTerry,mmcterryka@phpbb.com,Female,200.223.77.147
732,Thelma,Brougham,tbroughamkb@bloglovin.com,Female,154.106.194.18
733,Stillmann,Thiolier,sthiolierkc@fastcompany.com,Male,187.137.248.25
734,Clementia,Girdlestone,cgirdlestonekd@opensource.org,Agender,117.179.19.129
735,Karol,Kilford,kkilfordke@wisc.edu,Female,77.141.193.218
736,Shurlock,Strafford,sstraffordkf@scientificamerican.com,Male,80.98.176.10
737,Norry,Godbehere,ngodbeherekg@examiner.com,Female,51.207.201.213
738,Barbabas,Dibsdale,bdibsdalekh@webs.com,Male,119.8.98.166
739,Sybila,Neylan,sneylanki@sciencedirect.com,Female,255.253.139.156
740,Clem,Dunsford,cdunsfordkj@ibm.com,Male,112.71.38.170
741,Editha,Havock,ehavockkk@dailymail.co.uk,Female,44.153.155.54
742,Ondrea,Battleson,obattlesonkl@reddit.com,Female,131.225.32.99
743,Sharon,Tortis,stortiskm@wufoo.com,Female,162.144.235.126
744,Scotti,Noblett,snoblettkn@deliciousdays.com,Male,148.128.1.148
745,Ronny,Tassell,rtassellko@mapquest.com,Male,51.143.84.83
746,Carol-jean,Bice,cbicekp@github.io,Female,16.209.11.252
747,Nefen,Charlton,ncharltonkq@linkedin.com,Male,206.24.125.191
748,Beverlie,Mochan,bmochankr@oaic.gov.au,Female,69.249.235.75
749,Barrie,Waddams,bwaddamsks@creativecommons.org,Female,5.169.108.17
750,Celestina,Ollington,collingtonkt@blogger.com,Female,79.138.61.67
751,Pegeen,Jeannesson,pjeannessonku@mit.edu,Female,54.44.49.197
752,Eileen,Beddard,ebeddardkv@twitpic.com,Female,39.82.126.142
753,Janina,Zanassi,jzanassikw@freewebs.com,Female,82.250.185.235
754,Imogen,Halshaw,ihalshawkx@networksolutions.com,Female,35.192.139.126
755,Panchito,Semple,psempleky@narod.ru,Male,37.233.157.236
756,Darrel,Scothern,dscothernkz@sun.com,Male,4.205.122.144
757,Godfrey,Medeway,gmedewayl0@wisc.edu,Bigender,93.118.147.185
758,Appolonia,Skettles,askettlesl1@stanford.edu,Agender,206.45.165.82
759,Jasmina,Lally,jlallyl2@nyu.edu,Female,9.95.94.168
760,Valenka,Beaudry,vbeaudryl3@hugedomains.com,Female,164.191.19.248
761,Merna,Doghartie,mdoghartiel4@uiuc.edu,Female,157.161.254.212
762,Anatollo,Haggerstone,ahaggerstonel5@constantcontact.com,Male,73.150.34.253
763,Rosa,Adamczyk,radamczykl6@ca.gov,Female,234.141.32.103
764,Lamar,Amys,lamysl7@parallels.com,Male,169.255.42.184
765,Koralle,Derby,kderbyl8@wordpress.com,Genderqueer,181.62.210.223
766,Haskell,Imesson,himessonl9@e-recht24.de,Male,205.87.11.94
767,Elyse,Madgett,emadgettla@over-blog.com,Female,54.153.244.118
768,Emelia,Pallent,epallentlb@redcross.org,Female,71.70.148.160
769,Porty,Brothers,pbrotherslc@wunderground.com,Male,172.237.222.65
770,Tracy,Skelhorne,tskelhorneld@wufoo.com,Female,121.165.129.109
771,Brant,Gilbanks,bgilbanksle@aol.com,Polygender,164.171.164.64
772,Grady,Mayoh,gmayohlf@merriam-webster.com,Male,156.81.38.253
773,Lorinda,Berget,lbergetlg@mysql.com,Female,182.171.102.93
774,Cameron,Goard,cgoardlh@clickbank.net,Male,22.246.85.28
775,Jacklyn,Sebley,jsebleyli@angelfire.com,Female,217.126.251.6
776,Aubrette,Kopp,akopplj@csmonitor.com,Female,134.126.59.108
777,Billy,Keirle,bkeirlelk@google.ca,Female,183.207.177.206
778,Anitra,Reede,areedell@geocities.com,Female,235.88.4.219
779,Katerina,Brotherhed,kbrotherhedlm@google.nl,Female,34.231.162.138
780,Aloin,Linger,alingerln@technorati.com,Genderqueer,83.254.115.244
781,Bren,Cutmare,bcutmarelo@utexas.edu,Female,110.156.108.222
782,Claudette,McQuorkel,cmcquorkellp@geocities.com,Female,198.172.91.199
783,Gabbie,Muzzlewhite,gmuzzlewhitelq@moonfruit.com,Male,129.35.57.65
784,Jedidiah,Schnieder,jschniederlr@de.vu,Male,191.47.192.11
785,Datha,Serrier,dserrierls@istockphoto.com,Female,242.58.121.34
786,Camel,Youngman,cyoungmanlt@webeden.co.uk,Genderqueer,16.193.182.47
787,Willy,Batrip,wbatriplu@stumbleupon.com,Male,200.13.29.14
788,Dougy,Shakelade,dshakeladelv@angelfire.com,Male,29.203.78.181
789,Early,Joincey,ejoinceylw@bloglines.com,Male,38.153.159.138
790,Debor,Sword,dswordlx@goodreads.com,Female,18.103.32.94
791,Alvera,Sibille,asibillely@storify.com,Non-binary,188.18.109.105
792,Taddeo,Hoffman,thoffmanlz@dell.com,Male,111.120.91.146
793,Sanson,Coppock.,scoppockm0@aol.com,Male,6.7.62.184
794,Darby,Danaher,ddanaherm1@senate.gov,Male,146.70.90.53
795,Kelli,Sex,ksexm2@reuters.com,Female,143.219.42.159
796,Logan,Al Hirsi,lalhirsim3@canalblog.com,Male,195.82.175.182
797,Ab,Cauldwell,acauldwellm4@simplemachines.org,Male,68.157.41.131
798,Sarette,Rupke,srupkem5@prnewswire.com,Female,162.247.15.34
799,Ethan,O'Sherrin,eosherrinm6@hc360.com,Male,219.115.150.197
800,Temple,Rickets,tricketsm7@sphinn.com,Male,224.114.198.110
801,Fayth,Bendelow,fbendelowm8@marketwatch.com,Female,38.242.182.210
802,Olga,Claris,oclarism9@google.com,Bigender,119.247.209.235
803,Inger,Alderwick,ialderwickma@wix.com,Male,226.154.193.215
804,Tami,Kiddy,tkiddymb@blogs.com,Female,8.98.177.5
805,Barr,Gladdolph,bgladdolphmc@omniture.com,Male,146.120.213.82
806,Gonzalo,Dutton,gduttonmd@comsenz.com,Male,8.94.122.127
807,Thibaut,Brashier,tbrashierme@behance.net,Male,125.244.187.5
808,Andras,Laurent,alaurentmf@dagondesign.com,Male,105.237.253.21
809,Odessa,Yesinov,oyesinovmg@prweb.com,Female,8.192.72.63
810,Teador,Oake,toakemh@yellowbook.com,Male,70.113.0.170
811,Ileana,Ions,iionsmi@naver.com,Female,132.50.148.143
812,Oberon,Thornton,othorntonmj@google.com.au,Male,182.127.76.36
813,Keefer,Cinnamond,kcinnamondmk@guardian.co.uk,Male,181.44.253.95
814,Lily,Lovegrove,llovegroveml@ucla.edu,Female,82.96.142.158
815,Terese,Ashelford,tashelfordmm@cnet.com,Female,161.202.140.205
816,Barbie,Youel,byouelmn@timesonline.co.uk,Female,148.224.133.136
817,Josiah,Dumbellow,jdumbellowmo@wiley.com,Male,209.61.229.197
818,Timi,Hillburn,thillburnmp@marketwatch.com,Female,115.201.122.153
819,Deva,McAlister,dmcalistermq@latimes.com,Female,215.252.107.86
820,Wilton,Sauter,wsautermr@whitehouse.gov,Male,65.104.101.46
821,Torrie,Assur,tassurms@ask.com,Female,166.112.202.49
822,Mahala,Grovier,mgroviermt@netscape.com,Female,238.19.246.225
823,Cosmo,Blundan,cblundanmu@123-reg.co.uk,Male,120.215.222.103
824,Emelia,Watford,ewatfordmv@geocities.jp,Non-binary,4.68.109.184
825,Kara,Marchbank,kmarchbankmw@earthlink.net,Female,91.232.190.247
826,Deerdre,Kopfer,dkopfermx@narod.ru,Female,199.194.249.250
827,Elga,Lundie,elundiemy@umich.edu,Female,62.227.36.180
828,Pamella,Tamburo,ptamburomz@skype.com,Polygender,37.59.182.26
829,Kara,Nys,knysn0@slashdot.org,Female,145.208.115.9
830,Dene,Darcy,ddarcyn1@meetup.com,Male,202.55.151.135
831,Delcina,Burchall,dburchalln2@bloomberg.com,Female,238.57.14.193
832,Hayden,Cribbin,hcribbinn3@fema.gov,Male,225.243.98.20
833,Yolanthe,Waghorn,ywaghornn4@usatoday.com,Female,135.215.216.153
834,Nina,Dorrance,ndorrancen5@gravatar.com,Female,171.91.241.190
835,Dall,Filyushkin,dfilyushkinn6@usatoday.com,Male,8.130.112.69
836,Tait,Trett,ttrettn7@disqus.com,Male,22.20.252.215
837,Filbert,Garces,fgarcesn8@yellowpages.com,Male,105.227.53.147
838,Cassaundra,Housden,chousdenn9@upenn.edu,Female,148.88.29.66
839,Laurella,Ebertz,lebertzna@is.gd,Female,5.71.243.82
840,Shalna,Astles,sastlesnb@thetimes.co.uk,Genderfluid,123.75.182.203
841,Betta,Simonnot,bsimonnotnc@weather.com,Female,213.223.10.227
842,Caria,Enos,cenosnd@naver.com,Female,71.187.6.86
843,Elianore,Barthel,ebarthelne@japanpost.jp,Female,113.6.91.8
844,Erroll,Beddall,ebeddallnf@bloomberg.com,Male,253.77.252.117
845,Sibella,Fairholme,sfairholmeng@twitpic.com,Female,126.101.91.93
846,Dwayne,Sussems,dsussemsnh@indiatimes.com,Male,0.222.58.159
847,Aigneis,Heindl,aheindlni@deviantart.com,Agender,184.162.104.211
848,Halimeda,Pallasch,hpallaschnj@techcrunch.com,Female,52.130.112.59
849,Jarrett,McWhirter,jmcwhirternk@histats.com,Male,221.248.147.84
850,Dannie,Caldow,dcaldownl@army.mil,Male,110.163.53.45
851,Llywellyn,Shepcutt,lshepcuttnm@addtoany.com,Male,236.130.77.130
852,Ezmeralda,Gynn,egynnnn@mozilla.org,Female,65.182.251.237
853,Fields,Severy,fseveryno@is.gd,Male,30.164.125.16
854,Trefor,McCarrison,tmccarrisonnp@hostgator.com,Male,171.228.240.12
855,Rafaelia,Chinnock,rchinnocknq@tinyurl.com,Female,224.199.154.11
856,Granville,Chesterman,gchestermannr@shutterfly.com,Male,128.127.133.239
857,Barb,Jewers,bjewersns@bloglines.com,Female,233.237.135.183
858,Tally,Glanert,tglanertnt@bloglines.com,Female,13.12.233.246
859,Merla,Vitet,mvitetnu@gnu.org,Bigender,248.165.110.103
860,Cazzie,Kerner,ckernernv@typepad.com,Male,162.169.111.178
861,Gan,Giacoppo,ggiacopponw@princeton.edu,Male,40.190.179.150
862,Jacquelyn,Huddlestone,jhuddlestonenx@apache.org,Female,39.203.84.180
863,Herrick,Carbonell,hcarbonellny@sourceforge.net,Male,36.33.107.228
864,Grant,Allot,gallotnz@hp.com,Male,214.104.141.205
865,Anni,Perllman,aperllmano0@reverbnation.com,Genderfluid,79.121.31.140
866,Wilburt,Wilsher,wwilshero1@sourceforge.net,Male,148.62.237.208
867,Gifford,Lieb,gliebo2@prnewswire.com,Male,55.154.110.4
868,Ramsay,Glover,rglovero3@hhs.gov,Male,205.227.226.165
869,Riannon,Blinckhorne,rblinckhorneo4@dailymotion.com,Female,31.165.20.199
870,Egor,Trembath,etrembatho5@last.fm,Male,80.151.81.79
871,Elna,Phripp,ephrippo6@webnode.com,Bigender,92.81.117.21
872,Johnathon,Lukehurst,jlukehursto7@admin.ch,Male,89.222.182.90
873,Seana,Spurritt,sspurritto8@uiuc.edu,Female,42.113.221.154
874,Evelina,Ingold,eingoldo9@csmonitor.com,Female,253.133.104.176
875,Dex,Wort,dwortoa@paginegialle.it,Male,78.159.37.6
876,Lorianna,Featherstonhalgh,lfeatherstonhalghob@bigcartel.com,Female,190.215.229.229
877,Natty,Stanett,nstanettoc@tumblr.com,Female,184.34.249.111
878,Mikey,Berndsen,mberndsenod@trellian.com,Male,98.49.89.211
879,Irita,Tidball,itidballoe@sohu.com,Female,114.254.38.250
880,Stephie,Burnall,sburnallof@elpais.com,Female,209.22.177.80
881,Shina,Copestake,scopestakeog@irs.gov,Female,145.210.36.122
882,Flossie,Grund,fgrundoh@bandcamp.com,Female,178.178.226.68
883,Mateo,Byas,mbyasoi@hc360.com,Male,51.5.230.191
884,Frederic,Goble,fgobleoj@twitpic.com,Male,97.155.147.88
885,Biddie,Carvell,bcarvellok@sitemeter.com,Female,233.152.76.184
886,Herbie,Shayes,hshayesol@geocities.jp,Male,79.78.241.168
887,Chanda,Barhems,cbarhemsom@dot.gov,Female,39.110.111.16
888,Paxton,Ewbanks,pewbankson@ezinearticles.com,Male,252.125.172.218
889,Ali,McGloughlin,amcgloughlinoo@bigcartel.com,Female,230.66.25.128
890,Keeley,Baglin,kbaglinop@fc2.com,Female,97.29.126.160
891,Adolphe,Logue,alogueoq@si.edu,Male,124.66.43.116
892,Suzy,Hambrook,shambrookor@issuu.com,Female,154.173.61.27
893,Dougy,Iacovozzo,diacovozzoos@chron.com,Male,147.197.40.52
894,Carolus,Bahde,cbahdeot@jugem.jp,Male,185.112.3.95
895,Vivien,Cookson,vcooksonou@nba.com,Female,249.63.7.190
896,Suki,Riediger,sriedigerov@shareasale.com,Female,190.139.198.113
897,Townsend,Darbon,tdarbonow@elpais.com,Bigender,29.229.169.72
898,Glenn,Boig,gboigox@chronoengine.com,Non-binary,21.33.126.218
899,Teddy,Skedge,tskedgeoy@hc360.com,Male,192.99.206.245
900,Harriot,Pic,hpicoz@cbslocal.com,Female,111.231.77.158
901,Janie,O' Finan,jofinanp0@homestead.com,Female,135.22.0.192
902,Lilias,Belvard,lbelvardp1@cyberchimps.com,Female,216.65.242.87
903,Anson,Sherer,ashererp2@alibaba.com,Polygender,112.198.115.98
904,Tailor,Aikman,taikmanp3@netvibes.com,Male,158.28.86.238
905,Ines,Lammert,ilammertp4@buzzfeed.com,Female,168.125.80.51
906,Yance,Abdy,yabdyp5@discuz.net,Male,194.254.180.3
907,Kessiah,Bruntje,kbruntjep6@economist.com,Female,28.207.215.189
908,Kerr,Karpenya,kkarpenyap7@symantec.com,Male,99.70.41.197
909,Otto,Chappel,ochappelp8@java.com,Male,167.158.141.197
910,Byrle,Crowdy,bcrowdyp9@usgs.gov,Male,102.145.104.175
911,Franz,Corse,fcorsepa@macromedia.com,Male,35.135.127.255
912,Matt,Bilyard,mbilyardpb@businessweek.com,Male,173.216.228.7
913,Colin,Admans,cadmanspc@rakuten.co.jp,Male,67.32.162.92
914,Nessie,Flye,nflyepd@yandex.ru,Female,172.91.134.67
915,Nicolas,McDoual,nmcdoualpe@newsvine.com,Male,85.165.156.32
916,Dewain,Wethered,dwetheredpf@si.edu,Male,145.110.208.241
917,Calv,Walasik,cwalasikpg@jigsy.com,Male,210.200.243.133
918,Reynold,Kendrew,rkendrewph@chronoengine.com,Male,187.84.185.147
919,Ruben,Pashbee,rpashbeepi@craigslist.org,Male,134.67.92.161
920,Rickard,Mardy,rmardypj@sfgate.com,Genderfluid,82.221.184.77
921,Dacie,Trivett,dtrivettpk@springer.com,Female,105.29.155.22
922,Leilah,Skokoe,lskokoepl@cocolog-nifty.com,Female,55.7.127.249
923,Stormie,Blabber,sblabberpm@diigo.com,Female,254.246.169.172
924,Danica,Erangy,derangypn@harvard.edu,Agender,143.18.222.58
925,Belle,Raddin,braddinpo@ning.com,Female,240.204.94.202
926,Evie,Exall,eexallpp@utexas.edu,Female,33.49.228.45
927,Rozamond,Excell,rexcellpq@pbs.org,Female,186.234.16.207
928,Dasya,Hamman,dhammanpr@diigo.com,Female,143.188.98.145
929,Dorrie,Pescud,dpescudps@360.cn,Female,38.55.223.193
930,Bev,Hallitt,bhallittpt@answers.com,Male,44.123.227.228
931,Ali,Pentony,apentonypu@google.it,Male,52.85.140.200
932,Larisa,Heaslip,lheaslippv@amazon.de,Female,129.120.45.129
933,Hanna,Zimmerman,hzimmermanpw@amazonaws.com,Female,170.220.11.178
934,Sherwood,Mearing,smearingpx@youtu.be,Male,131.139.139.121
935,Ichabod,Sneath,isneathpy@cdbaby.com,Male,249.101.201.37
936,Mark,Doswell,mdoswellpz@myspace.com,Male,102.189.55.163
937,Merline,Vaneev,mvaneevq0@slideshare.net,Female,9.164.139.187
938,Nelli,Greystock,ngreystockq1@smugmug.com,Genderqueer,242.115.14.113
939,Merline,Stradling,mstradlingq2@ft.com,Female,217.168.116.122
940,Ward,Cheeke,wcheekeq3@newsvine.com,Male,18.237.223.76
941,Stearne,Mead,smeadq4@histats.com,Male,97.122.71.38
942,Eustace,Armitt,earmittq5@aboutads.info,Male,233.28.44.39
943,Gypsy,MacLaren,gmaclarenq6@uol.com.br,Female,54.74.82.234
944,Reina,Dyke,rdykeq7@upenn.edu,Female,8.32.128.86
945,Kayle,Boddam,kboddamq8@bandcamp.com,Female,5.134.138.229
946,Adina,Shorthill,ashorthillq9@t.co,Female,96.47.216.213
947,Brett,Nolton,bnoltonqa@purevolume.com,Male,235.89.199.216
948,Yasmin,Bennie,ybennieqb@godaddy.com,Female,126.19.4.61
949,Hermann,Downton,hdowntonqc@godaddy.com,Male,161.62.25.12
950,Kenon,Hadrill,khadrillqd@japanpost.jp,Male,233.71.7.211
951,Julie,Archdeacon,jarchdeaconqe@jimdo.com,Bigender,53.152.129.239
952,Morse,Breckwell,mbreckwellqf@weibo.com,Male,99.250.14.9
953,Karol,Mulroy,kmulroyqg@mozilla.com,Female,246.127.228.45
954,Ram,Ogdahl,rogdahlqh@mtv.com,Genderfluid,229.148.180.144
955,Bogart,Priestner,bpriestnerqi@businessinsider.com,Male,60.225.7.78
956,Dewey,Kilpatrick,dkilpatrickqj@webmd.com,Male,129.36.18.224
957,Devonna,Dossit,ddossitqk@china.com.cn,Female,228.129.39.254
958,Minette,De Luna,mdelunaql@surveymonkey.com,Female,14.14.110.40
959,Lester,Toothill,ltoothillqm@sohu.com,Male,20.193.119.41
960,Lily,Tellenbroker,ltellenbrokerqn@wsj.com,Female,199.218.120.177
961,Percival,Tropman,ptropmanqo@bloglines.com,Male,194.153.85.229
962,Giselle,Kinney,gkinneyqp@ovh.net,Female,151.243.252.120
963,Tabitha,Ojeda,tojedaqq@mapy.cz,Female,36.19.236.152
964,Row,Hopkyns,rhopkynsqr@cbsnews.com,Female,201.137.2.231
965,Levey,Caldron,lcaldronqs@msu.edu,Non-binary,215.65.139.129
966,Ev,Garlicke,egarlickeqt@slate.com,Male,182.96.167.155
967,Eddy,Klimecki,eklimeckiqu@yellowpages.com,Male,13.195.126.145
968,Cecil,Hammarberg,chammarbergqv@diigo.com,Male,8.3.197.23
969,Neile,Kynston,nkynstonqw@samsung.com,Female,40.223.145.18
970,Ashien,Brandenberg,abrandenbergqx@tmall.com,Female,52.98.226.19
971,Martie,Marti,mmartiqy@nydailynews.com,Agender,170.198.62.204
972,Rachelle,De Anesy,rdeanesyqz@buzzfeed.com,Female,63.214.236.2
973,Camella,Darke,cdarker0@plala.or.jp,Female,19.160.89.52
974,Karon,Beamiss,kbeamissr1@t-online.de,Female,184.103.232.65
975,Rhonda,Heggie,rheggier2@accuweather.com,Female,10.202.33.82
976,Willyt,Machin,wmachinr3@ucla.edu,Female,126.179.112.132
977,Hollis,Abrahart,habrahartr4@dell.com,Male,52.111.68.65
978,Augusto,Eland,aelandr5@marriott.com,Male,235.241.95.205
979,Chauncey,Passler,cpasslerr6@guardian.co.uk,Male,214.63.86.77
980,Yolanda,Moyers,ymoyersr7@nationalgeographic.com,Female,224.240.163.155
981,Kiersten,Binnion,kbinnionr8@howstuffworks.com,Female,85.223.250.190
982,Debi,Saleway,dsalewayr9@netvibes.com,Polygender,198.227.69.38
983,Zenia,Anwell,zanwellra@oakley.com,Female,209.75.131.8
984,Theresina,Dimblebee,tdimblebeerb@quantcast.com,Female,156.89.211.81
985,Delmor,Neaverson,dneaversonrc@statcounter.com,Male,94.186.61.240
986,Aguistin,Kelson,akelsonrd@flavors.me,Male,83.132.111.161
987,Bernete,McOwen,bmcowenre@tinypic.com,Female,16.227.154.253
988,Welch,Ritchie,writchierf@loc.gov,Male,10.22.115.140
989,Dolley,Bahike,dbahikerg@stanford.edu,Female,137.166.227.141
990,Sherry,Tomasicchio,stomasicchiorh@rediff.com,Female,80.25.225.14
991,Henrie,Da Costa,hdacostari@123-reg.co.uk,Female,246.198.142.120
992,Dennet,Wash,dwashrj@mayoclinic.com,Male,143.183.217.27
993,Pascal,Pattinson,ppattinsonrk@dyndns.org,Male,66.158.237.23
994,Templeton,Upton,tuptonrl@comsenz.com,Male,186.6.46.199
995,Madlin,Pull,mpullrm@nifty.com,Female,206.139.54.144
996,Margalo,MacConnell,mmacconnellrn@wisc.edu,Bigender,22.64.64.138
997,Tracy,Mansour,tmansourro@skype.com,Genderfluid,43.252.169.96
998,Rivkah,Caswill,rcaswillrp@nifty.com,Female,89.165.159.50
999,Annelise,Bellefant,abellefantrq@wikipedia.org,Female,213.17.248.244
1000,Jarrid,Lissimore,jlissimorerr@odnoklassniki.ru,Male,125.204.166.236
